{"this":[-0.02913007380691805,-0.03358576749951423,-0.022445626367519893,0.4381963835129606,-0.07849656240279111],"is":[-0.02902476617302239,-0.034168088113206034,-0.023506823936496543,0.43935937346506204,-0.07935794471469299],"an":[-0.028919633842361236,-0.034748879792867525,-0.024562891607941152,0.44051713953682947,-0.08021575423707264],"example":[-0.028743361761116554,-0.035722499112228114,-0.026332508736966846,0.44245729501920145,-0.08165334353748674],"of":[-0.028536918901661178,-0.036861918240602316,-0.028399931858684932,0.44472456007278144,-0.08333375920355783],"some":[-0.028300915546055613,-0.038163656825628944,-0.030758373916553245,0.44731157216287515,-0.08525160422056575],"text":[-0.028053469770634703,-0.039527435400083154,-0.03322470364834734,0.45001769927051405,-0.08725832684318816],"data":[-0.027807882422709894,-0.040879967774350566,-0.03566647102387344,0.4526975989918084,-0.08924613791273661],"for":[-0.02757712752217217,-0.04214983294012419,-0.03795486812372266,0.45520987909596483,-0.09111014329719232],"training":[-0.027378660684347546,-0.04324134253011511,-0.03991902287216878,0.45736668139509035,-0.09271076040723997],"a":[-0.027212049851234106,-0.044157013459004614,-0.04156405693773965,0.45917352797622735,-0.09405201159477443],"word2vec":[-0.027115757631546538,-0.04468613842615942,-0.04251429252705507,0.460217294016353,-0.09482686133315747],"model.":[-0.02702046289263977,-0.04520931845402734,-0.0434518909317355,0.46124751709540335,-0.09559190809888317]}