{"example":[-0.08583453161118826,-0.10742748775627398,-0.18624549430221105,-0.27077423978547965,0.4427500487534958,-0.034382795517233694,-0.041591711453274276,-0.0067223861641497245,-0.2643251307898046,-0.08487917886820245,-0.17091283072673508,0.24529218323496835,-0.14921997647650873,0.3580850229514385,0.43849048975448646,0.2365470053349001,0.5078268804450303,-0.06868818288125199,0.407564757319849,-0.05865105999817555,0.1759194157750679,0.5430407671770812,0.2745936601787565,-0.5432189121869608,0.15536624315022352,-0.08349371679445813,0.4795432506700333,0.671638061725315,-0.2539503306266576,0.11579824079246293,-0.1405226457213544,0.45890706039593543,-0.48858252040402816,0.2719087028458169,0.0495708768578578,0.42447754266828,0.12542315395998127,0.2303194145846464,-0.08559413455493915,0.48789720716017126,-0.2842058490352813,-0.2966847386955032,-0.2988589991420158,0.4946223746880838,-0.22291267362381179,0.10710296863482036,-0.35241761942808847,-0.29293333577679515,-0.4697881620747495,0.6208278240994449,-0.2000904784796823,-0.1837835113064576,0.377989907754055,0.21982064652675085,-0.29142607218875427,0.13619936473442767,-0.3210453270241085,-0.10373952655608781,0.3151193191123817,0.16681463043113656,-0.006573384241683274,0.30013078518660447,-0.25148136758117373,-0.4246737876687002,-0.04176597464356001,-0.19423703189727076,0.5521608689542563,0.675795828075559,0.591158110471235,-0.25284431353407755,0.1811124492130876,0.5676744607330135,-0.4685385261798076,-0.24329743503129614,0.13379504520476423,-0.04245653224954475,-0.22692059461840108,-0.5300450282214169,-0.04783334603291891,0.6191110362885698,0.09444893674116257,0.3431469270931876,0.23369868325968018,-0.48191273790274725,0.21441280065207174,-0.3996767291156894,0.2662800929965842,-0.05916992573192183,-0.10263043119800244,0.6254498055421134,-0.48087554579376857,-0.13931948208976297,-0.3073762914603301,0.09966668248070451,0.032545409127801954,-0.17990347755115285,0.011830887055070814,-0.16178403056790622,-0.1764047843153914,0.22326749224314116],"of":[-0.08583453161118856,-0.10742748775627366,-0.18624549430221038,-0.2707742397854812,0.44275004875349444,-0.034382795517233486,-0.041591711453274074,-0.006722386164149748,-0.2643251307898062,-0.08487917886820211,-0.17091283072673596,0.24529218323496912,-0.14921997647650792,0.35808502295143707,0.43849048975448823,0.23654700533489928,0.5078268804450278,-0.06868818288125235,0.4075647573198474,-0.05865105999817535,0.17591941577506875,0.5430407671770778,0.2745936601787549,-0.5432189121869582,0.1553662431502228,-0.08349371679445848,0.47954325067003456,0.6716380617253178,-0.25395033062665895,0.11579824079246326,-0.14052264572135514,0.4589070603959338,-0.4885825204040296,0.2719087028458186,0.04957087685785799,0.4244775426682815,0.12542315395998188,0.230319414584645,-0.08559413455493953,0.48789720716017265,-0.2842058490352827,-0.29668473869550493,-0.29885899914201736,0.49462237468808545,-0.22291267362381098,0.10710296863481998,-0.35241761942809,-0.2929333357767968,-0.46978816207474783,0.6208278240994479,-0.2000904784796815,-0.1837835113064568,0.3779899077540534,0.21982064652675,-0.2914260721887558,0.13619936473442695,-0.32104532702410693,-0.10373952655608812,0.3151193191123802,0.16681463043113573,-0.006573384241683251,0.30013078518660313,-0.25148136758117223,-0.4246737876686985,-0.0417659746435602,-0.19423703189727157,0.5521608689542589,0.6757958280755616,0.5911581104712376,-0.25284431353407594,0.1811124492130885,0.5676744607330111,-0.468538526179806,-0.24329743503129692,0.13379504520476498,-0.042456532249544925,-0.22692059461840194,-0.530045028221414,-0.04783334603291908,0.619111036288567,0.09444893674116221,0.34314692709318484,0.23369868325967938,-0.4819127379027481,0.21441280065207097,-0.3996767291156912,0.2662800929965859,-0.05916992573192164,-0.10263043119800289,0.6254498055421163,-0.48087554579377,-0.13931948208976236,-0.3073762914603273,0.09966668248070416,0.03254540912780217,-0.1799034775511537,0.011830887055070863,-0.16178403056790547,-0.17640478431539064,0.22326749224314146],"word2vec":[-0.08583453161118854,-0.10742748775627367,-0.18624549430221038,-0.27077423978548126,0.44275004875349433,-0.03438279551723348,-0.041591711453274074,-0.006722386164149748,-0.2643251307898061,-0.08487917886820215,-0.17091283072673574,0.24529218323496907,-0.1492199764765081,0.35808502295143707,0.43849048975448784,0.23654700533489942,0.5078268804450276,-0.06868818288125236,0.4075647573198474,-0.05865105999817535,0.17591941577506867,0.5430407671770778,0.274593660178755,-0.5432189121869582,0.15536624315022282,-0.0834937167944585,0.4795432506700347,0.6716380617253188,-0.2539503306266594,0.1157982407924632,-0.14052264572135514,0.4589070603959339,-0.48858252040402983,0.2719087028458186,0.04957087685785798,0.4244775426682815,0.12542315395998188,0.23031941458464528,-0.08559413455493953,0.4878972071601728,-0.2842058490352826,-0.29668473869550493,-0.2988589991420174,0.49462237468808534,-0.22291267362381106,0.10710296863482005,-0.35241761942809,-0.2929333357767967,-0.46978816207474805,0.6208278240994483,-0.20009047847968162,-0.1837835113064569,0.3779899077540534,0.21982064652675004,-0.2914260721887558,0.13619936473442698,-0.32104532702410693,-0.10373952655608809,0.3151193191123802,0.16681463043113579,-0.006573384241683253,0.300130785186603,-0.2514813675811724,-0.42467378766869857,-0.0417659746435602,-0.19423703189727146,0.5521608689542592,0.6757958280755625,0.591158110471238,-0.25284431353407605,0.18111244921308833,0.5676744607330111,-0.4685385261798061,-0.24329743503129686,0.13379504520476487,-0.04245653224954492,-0.22692059461840183,-0.530045028221414,-0.04783334603291908,0.6191110362885665,0.09444893674116221,0.3431469270931852,0.23369868325967952,-0.4819127379027489,0.21441280065207102,-0.39967672911569085,0.2662800929965856,-0.05916992573192163,-0.10263043119800278,0.6254498055421165,-0.48087554579377034,-0.13931948208976236,-0.30737629146032813,0.0996666824807042,0.032545409127802134,-0.17990347755115363,0.011830887055070863,-0.16178403056790547,-0.17640478431539078,0.22326749224314196],