{"example":[-0.41275302627193117,-0.08636038922032381,-0.08753694820831799,-0.044263047928321204,0.01023344326314607,-0.52956000532457,-0.05524404231055257,0.02474564720356188,-0.12245683220885553,-0.32971711364836115,0.08394719275242582,-0.2495900290930332,0.44587828313361305,0.5646890385916052,0.2554285567028072,-0.13987211647674036,0.35348538654089856,-0.022666297858105998,-0.07339845022588656,0.09992062439548974,0.2341488494829631,-0.3025643176668294,-0.3178578522258226,-0.34902512555493154,-0.25822154594607105,-0.49855265941672133,-0.46345653026534767,0.5539212153842303,0.22893662343081858,-0.2513588780799596,-0.15279924835327882,0.47387331322895426,-0.21349832872721886,-0.420538030317822,-0.14980973081363086,-0.35874776451549756,0.16729059609696523,0.09125211890616955,-0.3898437504003533,0.2276393230157938,-0.677182198176073,-0.23066594952262298,0.16819494975044436,0.2487918152335344,-0.03884300918374037,0.04576762741974436,-0.4348051527642709,-0.15364147444423396,-0.26541388275921657,0.5686099211385786,0.5112588523016545,0.04818845505044012,-0.18987096130349787,0.37374441442723616,0.010720342542319277,0.0559552076632373,-0.4169615750898984,-0.2525013705897439,0.5433075390417429,0.11154051669120617,0.08445232278355455,-0.30963185958347,0.07368028015384338,-0.29498810732921416,-0.025191456535487974,-0.0800150866904408,0.021930111261476808,0.005741351159037358,0.07937372028515974,-0.0607084195299347,-0.22822997667475783,-0.31454351314449763,-0.09486218237321664,-0.21610792705246268,0.13546447970248265,-0.32748318594436493,0.05297151297699979,0.38742970729635584,-0.42090996336433784,-0.18209650476669428,-0.3655704585645701,-0.04943972847168883,-0.07752135681065664,0.11821785464525618,0.07382923924840658,-0.03519953409871714,-0.15211357454474167,-0.29164919409599466,-0.3320421990213594,-0.1670821336617316,0.16995610392812036,0.028616178137708094,-0.2904623226177891,0.10701057576076801,-0.4562777203395797,0.12756222011136084,0.6717314680612028,-0.5244245741988081,0.278808569034639,-0.23698274578936876],"of":[-0.412753025471421,-0.08636039046107104,-0.08753694739008304,-0.0442630464704757,0.010233443783440637,-0.5295600046098912,-0.05524404141584034,0.02474564815082736,-0.12245683145402236,-0.32971711301259427,0.08394719249614131,-0.24959002993499466,0.4458782822626752,0.5646890386577438,0.25542855549567517,-0.13987211678870443,0.3534853865713584,-0.022666298055354486,-0.07339844992875381,0.09992062391938704,0.23414885036885968,-0.30256431840939924,-0.3178578510637716,-0.34902512537388114,-0.2582215454369819,-0.49855266037167567,-0.4634565297961006,0.5539212152959462,0.22893662231751052,-0.2513588780180764,-0.1527992489937501,0.47387331269302485,-0.21349832789620948,-0.4205380292949666,-0.14980973026975034,-0.35874776375882056,0.16729059640476826,0.09125211937731686,-0.3898437488170047,0.22763932325499953,-0.6771821978085669,-0.23066595013823957,0.1681949501691236,0.24879181491888458,-0.03884300980596579,0.04576762702857054,-0.43480515268067993,-0.15364147572017928,-0.2654138834159912,0.5686099206362756,0.511258851435585,0.048188453808409894,-0.18987096105240714,0.37374441514279,0.010720341351446366,0.05595520601188215,-0.41696157656638383,-0.25250137159410724,0.5433075385606575,0.11154051563528809,0.08445232257098562,-0.3096318582752648,0.07368027946659375,-0.2949881091354517,-0.025191456405943655,-0.08001508726176196,0.02193011060866163,0.005741351136847744,0.0793737190609669,-0.060708418872000756,-0.2282299780737037,-0.31454351236006123,-0.09486218235074506,-0.21610792595739878,0.1354644801359367,-0.32748318613043703,0.052971513393649444,0.38742970721811903,-0.42090996308605305,-0.18209650501340785,-0.36557045808369104,-0.0494397281834853,-0.07752135669665838,0.1182178551448698,0.07382924034600083,-0.03519953310000018,-0.1521135744904268,-0.29164919322876753,-0.3320421993700147,-0.16708213447796452,0.16995610545011539,0.028616179957715645,-0.29046232387965987,0.10701057644458087,-0.45627772004423806,0.12756221943026563,0.6717314678512298,-0.5244245735949858,0.2788085685558024,-0.23698274641825728],"word2vec":[-0.412753025471421,-0.08636039046107104,-0.08753694739008304,-0.0442630464704757,0.010233443783440639,-0.5295600046098912,-0.05524404141584034,0.02474564815082736,-0.12245683145402235,-0.32971711301259427,0.08394719249614131,-0.24959002993499466,0.4458782822626752,0.5646890386577438,0.25542855549567517,-0.13987211678870443,0.3534853865713584,-0.022666298055354486,-0.07339844992875381,0.09992062391938704,0.23414885036885968,-0.30256431840939924,-0.3178578510637716,-0.34902512537388114,-0.2582215454369819,-0.49855266037167567,-0.4634565297961006,0.5539212152959462,0.22893662231751052,-0.2513588780180764,-0.1527992489937501,0.47387331269302485,-0.21349832789620948,-0.4205380292949666,-0.14980973026975034,-0.35874776375882056,0.16729059640476826,0.09125211937731686,-0.3898437488170047,0.22763932325499953,-0.6771821978085669,-0.23066595013823957,0.16819495016912356,0.24879181491888458,-0.03884300980596579,0.04576762702857054,-0.43480515268067993,-0.15364147572017928,-0.2654138834159912,0.5686099206362756,0.511258851435585,0.0481884538084099,-0.18987096105240714,0.37374441514279005,0.010720341351446368,0.05595520601188214,-0.41696157656638383,-0.25250137159410724,0.5433075385606575,0.11154051563528809,0.08445232257098562,-0.3096318582752648,0.07368027946659375,-0.2949881091354517,-0.025191456405943655,-0.08001508726176196,0.021930110608661624,0.005741351136847747,0.0793737190609669,-0.060708418872000756,-0.2282299780737037,-0.31454351236006123,-0.09486218235074506,-0.2161079259573988,0.13546448013593668,-0.32748318613043703,0.05297151339364944,0.38742970721811903,-0.42090996308605305,-0.18209650501340785,-0.36557045808369104,-0.0494397281834853,-0.07752135669665838,0.1182178551448698,0.07382924034600083,-0.03519953310000018,-0.1521135744904268,-0.29164919322876753,-0.3320421993700147,-0.16708213447796452,0.16995610545011539,0.028616179957715645,-0.29046232387965987,0.10701057644458087,-0.45627772004423806,0.12756221943026563,0.6717314678512298,-0.5244245735949858,0.2788085685558024,-0.23698274641825728],